Dataset,n_cells,n_genes,n_transcripts_mean,n_transcripts_p80,n_transcripts_p95,cell_purity_relu_mean,cell_purity_relu_p80,cell_purity_relu_p95,relative_purity_mean,relative_purity_p80,relative_purity_p95,relative_conflict_mean,relative_conflict_p80,relative_conflict_p95,signal_strength_mean,signal_strength_p80,signal_strength_p95,cell_conflict_relu_mean,cell_conflict_relu_p80,cell_conflict_relu_p95,cell_purity_mean,cell_purity_p80,cell_purity_p95,conflict_score_mean,conflict_score_p80,conflict_score_p95
Stitched Whole,166217,313,116.25986511608319,184.0,295.0,0.09775971827220514,0.119591015375519,0.15027638771853263,0.9886950882656039,0.9991674996011227,1.0,0.011304911734396142,0.01578911045441241,0.03811089638729328,67.25276262685101,118.88716094726745,158.65394977330456,0.0008244449008207236,0.0012665443367835877,0.002476270971015972,0.6864695782029107,0.8288770053475936,0.8884615384615384,0.004706290964154995,0.007545625165317988,0.012856630685910437
Fine-tuned Whole,166217,313,105.5985007550371,174.0,291.0,0.10537656686193818,0.12844048924855625,0.16626651941222317,0.9895826252413603,0.9994229492910985,1.0,0.010417374758639523,0.01210733301967467,0.032130247386621145,62.66769625416095,117.41485124172142,157.99861698572406,0.0007742876737378552,0.0010769330147182166,0.002444936741191778,0.7075442647644736,0.8366666666666667,0.9014844804318488,0.00429666039786556,0.0067135247842813215,0.012401222723882024
Partial/Pseudocell,150019,313,26.82836174084616,31.0,63.0,0.13900235612089198,0.19310802497790258,0.25034798023433547,0.976511969567034,1.0,1.0,0.02348803043296567,0.014097227284260128,0.14207172024089346,12.342395160032492,17.323383609804697,40.05163616620459,0.0013790068879901527,0.0014230345096917178,0.007162375964554484,0.7624415900055179,0.9705882352941176,1.0,0.004999069538578494,0.008409924753609292,0.02154614422241065
Original Whole,166217,313,156.8529091488837,235.0,357.0,0.06290238788525075,0.07881534872726384,0.10619960331259228,0.6253820387810871,0.8035512614833545,0.9135239565009449,0.37461796121891283,0.5449039701817754,0.6132441293617326,174.78597332946399,250.07069415152623,406.0762212504366,0.03736669854224841,0.054423277141998065,0.07003675920670394,0.4567919986627454,0.6060650937363266,0.7168784029038112,0.05467482518283667,0.07777574763918879,0.09552835252997478
