Dataset,n_cells,n_genes,mean_transcripts,mean_genes,mean_purity,mean_conflict
Stitched Whole,166217,313,110.25707358453107,31.917505429649193,0.7795319386672107,0.0012113802488291985
Stitched Partial/Pseudocell,204679,313,21.66249590822703,11.023519755324191,0.6964481322964091,0.003857118795238474
Fine-tuned Whole,166217,313,98.10989850616964,29.229555340308153,0.7934416438841038,0.001654871122647126
Fine-tuned Partial/Pseudocell,213102,313,21.99557958160881,12.661941230021304,0.7327592271948152,0.008930466349441765
Original Whole,166217,313,156.8529091488837,56.83016177647293,0.4567919986627454,0.05467482518283667
