Dataset,n_cells,n_genes,n_transcripts_mean,n_transcripts_p80,n_transcripts_p95,relative_purity_mean,relative_purity_p80,relative_purity_p95,relative_conflict_mean,relative_conflict_p80,relative_conflict_p95,signal_strength_mean,signal_strength_p80,signal_strength_p95,cell_purity_relu_mean,cell_purity_relu_p80,cell_purity_relu_p95,cell_conflict_relu_mean,cell_conflict_relu_p80,cell_conflict_relu_p95,cell_purity_mean,cell_purity_p80,cell_purity_p95,conflict_score_mean,conflict_score_p80,conflict_score_p95
Nuclear Expansion Whole,58256,299,23.923441362263116,36.0,63.0,0.5515591424296576,0.7729934284169155,0.9968917842706659,0.44844085757034235,0.6462324119152034,0.8122838960874168,3.9094799075148936,6.0053140363552036,12.480014958188942,0.020393938325278443,0.025506530210426922,0.046690520603701116,0.01936560337627773,0.02928614849754391,0.05175280107232537,0.29401865705894037,0.3611111111111111,0.5,0.03195991632269151,0.04576076632244108,0.07388645991560168
Stitched Whole,58256,299,16.928024581159022,25.0,41.0,0.8919724354082571,1.0,1.0,0.10802756459174291,0.18540265716387708,0.6639380073058992,1.5862007796337492,2.2032403701996404,4.183310571889705,0.02831494214920182,0.037039687357751344,0.07306086012411506,0.003999510378627924,0.003923502462818507,0.023353067077114535,0.39141626297824317,0.5357142857142857,0.7777777777777778,0.008561385533450129,0.012142825475304958,0.04109815268250109
Fine-tuned Whole,58256,299,17.778580747047513,26.0,46.0,0.8347957899219376,1.0,1.0,0.16520421007806238,0.36037570665268187,0.7271619068195546,1.9264523799414095,2.489373570535332,6.481881732600117,0.028298254597505557,0.03636437646487591,0.07685688278872788,0.0061611112646015745,0.00906278630506821,0.030080471471779686,0.38498852277554474,0.5303030303030303,0.7575757575757576,0.011991092238549168,0.02005482380219489,0.048698765596610405
Partial Cells,2297,263,19.63822377013496,23.0,44.19999999999982,0.7803957410378259,1.0,1.0,0.219604258962174,0.4969109503917049,0.742917954791642,2.514880188294378,3.162098280008276,7.8027575021488325,0.03892021160293372,0.05700213499727091,0.11779215428280487,0.0094700077718376,0.01713135568772888,0.042438643755785814,0.42257657822717515,0.6,0.889682539682539,0.01641737884129177,0.029071190293337098,0.061635044142450995
