Dataset,n_cells,n_genes,n_transcripts_mean,n_transcripts_p80,n_transcripts_p95,cell_purity_relu_mean,cell_purity_relu_p80,cell_purity_relu_p95,relative_purity_mean,relative_purity_p80,relative_purity_p95,relative_conflict_mean,relative_conflict_p80,relative_conflict_p95,signal_strength_mean,signal_strength_p80,signal_strength_p95,cell_conflict_relu_mean,cell_conflict_relu_p80,cell_conflict_relu_p95,cell_purity_mean,cell_purity_p80,cell_purity_p95,conflict_score_mean,conflict_score_p80,conflict_score_p95
Stitched Whole,58405,300,21.81380018834004,29.0,51.0,0.024891379227419567,0.03230632677448643,0.06649251230392023,0.8886737419199134,0.9967034434383203,1.0,0.11132625808008668,0.16103646318232884,0.44868621984770146,1.836709249617511,2.4413317283257494,5.31157648679198,0.002480267215904385,0.0029680544486726987,0.009462819970019135,0.3407264659183341,0.4642857142857143,0.6666666666666666,0.008832395995449164,0.012366665417293761,0.026381892508985066
Fine-tuned Whole,58405,300,21.76298262135091,25.0,46.0,0.02651459382619685,0.03469379444858855,0.07428436897908693,0.888783943411182,1.0,1.0,0.11121605658881789,0.1591629101450765,0.4820963730327565,1.5696398317535067,2.0501069921193293,4.472191965344258,0.0024688805071155255,0.002911604647222137,0.009382458617422396,0.35736737306026817,0.4909090909090909,0.7142857142857143,0.008772269981445355,0.012416997392041669,0.027319926785084474
Partial/Pseudocell,438,195,8.207762557077626,11.0,24.0,0.10016848628972323,0.15315971797767108,0.24807737249330378,0.9344241376869462,1.0,1.0,0.06557586231305375,0.0,0.7806192378916977,2.145923638576835,3.192457454510054,7.4673193940416125,0.008548281059578918,0.0,0.04591116725098622,0.32033867333988897,0.47000000000000014,0.7142857142857143,0.011686139402581508,0.0014666008518882453,0.07472593673666192
Original Whole,58405,300,24.571149730331307,37.0,65.0,0.020229619258257114,0.025176773862497986,0.045926141114490227,0.5474875191945131,0.7661498548526096,0.9872073174095608,0.45251248080548684,0.6474963514616936,0.8102579942574187,4.091883416263716,6.264968581340878,13.28891631771426,0.01949178637638166,0.02944825365514884,0.051164629484785985,0.29184768906709607,0.35833333333333334,0.5,0.032136460860135815,0.04595336655552834,0.07355937836490904
