Dataset,n_cells,n_genes,n_transcripts_mean,n_transcripts_p80,n_transcripts_p95,cell_purity_relu_mean,cell_purity_relu_p80,cell_purity_relu_p95,relative_purity_mean,relative_purity_p80,relative_purity_p95,relative_conflict_mean,relative_conflict_p80,relative_conflict_p95,signal_strength_mean,signal_strength_p80,signal_strength_p95,cell_conflict_relu_mean,cell_conflict_relu_p80,cell_conflict_relu_p95,cell_purity_mean,cell_purity_p80,cell_purity_p95,conflict_score_mean,conflict_score_p80,conflict_score_p95
Stitched Whole,8212,241,84.12932294203604,119.0,206.44999999999982,0.138524678621533,0.16499692205831068,0.2266315677186379,0.9854804756063715,0.9998738603736953,1.0,0.014519524393628375,0.009884131150257497,0.05230232688304291,19.240613099492474,28.36523982073935,52.12972845941786,0.001568854155458816,0.001147952085000628,0.005967121692435721,0.7797147054840924,0.8571428571428571,0.9555555555555556,0.004825858682259488,0.0055893677575753475,0.014510570685931473
Fine-tuned Whole,8212,241,86.90952264978081,98.0,185.0,0.14674827511629235,0.17886742045882362,0.257945841931638,0.9896969225605036,1.0,1.0,0.010303077439496431,0.008010025180400539,0.03079040658904981,18.20333978104406,22.620625437369267,46.0168191425151,0.0010474907293293403,0.0009870246736241133,0.0032299341441990514,0.7943275168809454,0.8857142857142857,1.0,0.003925787814925164,0.005097448417073137,0.011350783503660944
Partial/Pseudocell,650,210,22.48,20.0,67.54999999999995,0.41454552180532594,0.5181404213819567,0.5905500319206798,0.9906089989400918,1.0,1.0,0.00939100105990832,0.0,0.0017660023190347472,5.38673641850784,6.905095184364121,13.36543271405226,0.0006335907628928414,0.0,0.0005214002722989619,0.9416325915967778,1.0,1.0,0.0014025817637969764,0.0,0.004503006219131568
Baysor Whole,8212,241,99.81307842182173,156.0,298.0,0.11674044486573276,0.1380048390512258,0.19738511608587064,0.8844888977358517,0.9722596846340555,1.0,0.11551110226414832,0.19010287666838724,0.28482107739689666,28.247253236777315,45.37299171312147,82.90393174798845,0.01416236198125845,0.02248408003729401,0.03648597517154238,0.6740219082462781,0.7543859649122807,0.8928571428571429,0.022377543508031724,0.03355609746489031,0.051352678013181954
